img;norma;equivalente;desc;inox;aco;aluminio;outros;img ;img
cat2.png;DIN 125;ISO 4730;Anilha;;;;;;
cat2.png;DIN 125;ISO 4730;Anilha;;;;;;
cat2.png;DIN 125;ISO 4730;Anilha;;;;;;
cat2.png;DIN 125;ISO 4730;Anilha;;;;;;
cat2.png;DIN 125;ISO 4730;Anilha;;;;;;
cat2.png;DIN 125;ISO 4730;Anilha;;;;;;
cat2.png;DIN 125;ISO 4730;Anilha;;;;;;
cat2.png;DIN 125;ISO 4730;Anilha;;;;;;
cat2.png;DIN 125;ISO 4730;Anilha;;;;;;
cat2.png;DIN 125;ISO 4730;Anilha;;;;;;
cat2.png;DIN 125;ISO 4730;Anilha;;;;;;
cat2.png;DIN 125;ISO 4730;Anilha;;;;;;
cat2.png;DIN 125;ISO 4730;Anilha;;;;;;
cat2.png;DIN 125;ISO 4730;Anilha;;;;;;
cat2.png;DIN 125;ISO 4730;Anilha;;;;;;
cat2.png;DIN 125;ISO 4730;Anilha;;;;;;
cat2.png;DIN 125;ISO 4730;Anilha;;;;;;
cat2.png;DIN 125;ISO 4730;Anilha;;;;;;
cat2.png;DIN 125;ISO 4730;Anilha;;;;;;
cat2.png;DIN 125;ISO 4730;Anilha;;;;;;
cat2.png;DIN 125;ISO 4730;Anilha;;;;;;
cat2.png;DIN 125;ISO 4730;Anilha;;;;;;
cat2.png;DIN 125;ISO 4730;Anilha;;;;;;
cat2.png;DIN 125;ISO 4730;Anilha;;;;;;
